[Data],,,,,,,,,,,,,,,,,,,,,,,,,,,,,,,,,,,,,,,,,,,,,,,,,,
Lane,Sample_ID,Sample_Name,GenomeFolder,Index,bait_name,default_library_type,default_tag_sequence,default_tagtwo_sequence,email_addresses,email_addresses_of_followers,email_addresses_of_managers,email_addresses_of_owners,is_control,is_pool,lane_id,lane_priority,library_name,organism,organism_taxon_id,project_cost_code,project_id,project_name,purpose,qc_state,request_id,required_insert_size_range,sample_accession_number,sample_cohort,sample_common_name,sample_consent_withdrawn,sample_description,sample_donor_id,sample_id,sample_name,sample_public_name,sample_reference_genome,sample_supplier_name,spiked_phix_tag_index,study_accession_number,study_alignments_in_bam,study_contains_nonconsented_human,study_contains_nonconsented_xahuman,study_description,study_id,study_name,study_reference_genome,study_separate_y_chromosome_data,study_title,tag_index,
1,15333715,ERS984054,,ATCACGTT,,Standard,ATCACGTT,,cts@sanger.ac.uk eag@sanger.ac.uk mercury-sequencescape@hgi-cordon-mail.internal.sanger.ac.uk njl@sanger.ac.uk sm15@sanger.ac.uk,mercury-sequencescape@hgi-cordon-mail.internal.sanger.ac.uk njl@sanger.ac.uk sm15@sanger.ac.uk,eag@sanger.ac.uk,cts@sanger.ac.uk,0,0,,,,,9606,S0821,1871,Tibet_x10,standard,,,from:450 to:450,ERS984054,,Homo Sapien,,Thakali,,1243805,HPG5196941,,,,888,ERP010096,1,0,0,Sequencing of 35 individuals from Tibet to study the demographic history of the region,3606,IHTP_MWGS T19_Tibet,Homo_sapiens (GRCh38_full_analysis_set_plus_decoy_hla),,T19 Tibet,1,
1,12453814,phiX_for_spiked_buffers,,ACAACGCAATC,,,ACAACGCAATC,,,,,,1,0,,,PhiXPSNov14,,10847,,,,standard,,,,,,,,,,1255141,phiX_for_spiked_buffers,,,,888,,1,0,0,None,198,Illumina Controls,,,,888,
2,15333727,ERS985077,,CGATGTTT,,Standard,CGATGTTT,,cts@sanger.ac.uk eag@sanger.ac.uk mercury-sequencescape@hgi-cordon-mail.internal.sanger.ac.uk njl@sanger.ac.uk sm15@sanger.ac.uk,mercury-sequencescape@hgi-cordon-mail.internal.sanger.ac.uk njl@sanger.ac.uk sm15@sanger.ac.uk,eag@sanger.ac.uk,cts@sanger.ac.uk,0,0,,,,,9606,S0821,1871,Tibet_x10,standard,,,from:450 to:450,ERS985077,,Homo Sapien,,Thakali,,1243819,HPG5196944,,,,888,ERP010096,1,0,0,Sequencing of 35 individuals from Tibet to study the demographic history of the region,3606,IHTP_MWGS T19_Tibet,Homo_sapiens (GRCh38_full_analysis_set_plus_decoy_hla),,T19 Tibet,1,
2,12453814,phiX_for_spiked_buffers,,ACAACGCAATC,,,ACAACGCAATC,,,,,,1,0,,,PhiXPSNov14,,10847,,,,standard,,,,,,,,,,1255141,phiX_for_spiked_buffers,,,,888,,1,0,0,None,198,Illumina Controls,,,,888,
3,15333739,ERS985078,,TTAGGCAT,,Standard,TTAGGCAT,,cts@sanger.ac.uk eag@sanger.ac.uk mercury-sequencescape@hgi-cordon-mail.internal.sanger.ac.uk njl@sanger.ac.uk sm15@sanger.ac.uk,mercury-sequencescape@hgi-cordon-mail.internal.sanger.ac.uk njl@sanger.ac.uk sm15@sanger.ac.uk,eag@sanger.ac.uk,cts@sanger.ac.uk,0,0,,,,,9606,S0821,1871,Tibet_x10,standard,,,from:450 to:450,ERS985078,,Homo Sapien,,Thakali,,1243829,HPG5196946,,,,888,ERP010096,1,0,0,Sequencing of 35 individuals from Tibet to study the demographic history of the region,3606,IHTP_MWGS T19_Tibet,Homo_sapiens (GRCh38_full_analysis_set_plus_decoy_hla),,T19 Tibet,1,
3,12453814,phiX_for_spiked_buffers,,ACAACGCAATC,,,ACAACGCAATC,,,,,,1,0,,,PhiXPSNov14,,10847,,,,standard,,,,,,,,,,1255141,phiX_for_spiked_buffers,,,,888,,1,0,0,None,198,Illumina Controls,,,,888,
4,15333751,ERS985079,,TGACCACT,,Standard,TGACCACT,,cts@sanger.ac.uk eag@sanger.ac.uk mercury-sequencescape@hgi-cordon-mail.internal.sanger.ac.uk njl@sanger.ac.uk sm15@sanger.ac.uk,mercury-sequencescape@hgi-cordon-mail.internal.sanger.ac.uk njl@sanger.ac.uk sm15@sanger.ac.uk,eag@sanger.ac.uk,cts@sanger.ac.uk,0,0,,,,,9606,S0821,1871,Tibet_x10,standard,,,from:450 to:450,ERS985079,,Homo Sapien,,Thakali,,1243841,HPG5196948,,,,888,ERP010096,1,0,0,Sequencing of 35 individuals from Tibet to study the demographic history of the region,3606,IHTP_MWGS T19_Tibet,Homo_sapiens (GRCh38_full_analysis_set_plus_decoy_hla),,T19 Tibet,1,
4,12453814,phiX_for_spiked_buffers,,ACAACGCAATC,,,ACAACGCAATC,,,,,,1,0,,,PhiXPSNov14,,10847,,,,standard,,,,,,,,,,1255141,phiX_for_spiked_buffers,,,,888,,1,0,0,None,198,Illumina Controls,,,,888,
5,15333763,ERS985090,,ACAGTGGT,,Standard,ACAGTGGT,,cts@sanger.ac.uk eag@sanger.ac.uk mercury-sequencescape@hgi-cordon-mail.internal.sanger.ac.uk njl@sanger.ac.uk sm15@sanger.ac.uk,mercury-sequencescape@hgi-cordon-mail.internal.sanger.ac.uk njl@sanger.ac.uk sm15@sanger.ac.uk,eag@sanger.ac.uk,cts@sanger.ac.uk,0,0,,,,,9606,S0821,1871,Tibet_x10,standard,,,from:450 to:450,ERS985090,,Homo Sapien,,Kurt%C3%83%C2%B6p%2C%2C,,1243883,HPG5197243,,,,888,ERP010096,1,0,0,Sequencing of 35 individuals from Tibet to study the demographic history of the region,3606,IHTP_MWGS T19_Tibet,Homo_sapiens (GRCh38_full_analysis_set_plus_decoy_hla),,T19 Tibet,1,
5,12453814,phiX_for_spiked_buffers,,ACAACGCAATC,,,ACAACGCAATC,,,,,,1,0,,,PhiXPSNov14,,10847,,,,standard,,,,,,,,,,1255141,phiX_for_spiked_buffers,,,,888,,1,0,0,None,198,Illumina Controls,,,,888,
6,15333775,ERS985091,,GCCAATGT,,Standard,GCCAATGT,,cts@sanger.ac.uk eag@sanger.ac.uk mercury-sequencescape@hgi-cordon-mail.internal.sanger.ac.uk njl@sanger.ac.uk sm15@sanger.ac.uk,mercury-sequencescape@hgi-cordon-mail.internal.sanger.ac.uk njl@sanger.ac.uk sm15@sanger.ac.uk,eag@sanger.ac.uk,cts@sanger.ac.uk,0,0,,,,,9606,S0821,1871,Tibet_x10,standard,,,from:450 to:450,ERS985091,,Homo Sapien,,Kurt%C3%83%C2%B6p%2C%2C,,1243918,HPG5197252,,,,888,ERP010096,1,0,0,Sequencing of 35 individuals from Tibet to study the demographic history of the region,3606,IHTP_MWGS T19_Tibet,Homo_sapiens (GRCh38_full_analysis_set_plus_decoy_hla),,T19 Tibet,1,
6,12453814,phiX_for_spiked_buffers,,ACAACGCAATC,,,ACAACGCAATC,,,,,,1,0,,,PhiXPSNov14,,10847,,,,standard,,,,,,,,,,1255141,phiX_for_spiked_buffers,,,,888,,1,0,0,None,198,Illumina Controls,,,,888,
7,15333787,ERS942344,,CAGATCTG,,Standard,CAGATCTG,,cts@sanger.ac.uk eag@sanger.ac.uk mercury-sequencescape@hgi-cordon-mail.internal.sanger.ac.uk njl@sanger.ac.uk sm15@sanger.ac.uk,mercury-sequencescape@hgi-cordon-mail.internal.sanger.ac.uk njl@sanger.ac.uk sm15@sanger.ac.uk,eag@sanger.ac.uk,cts@sanger.ac.uk,0,0,,,,,9606,S0821,1871,Tibet_x10,standard,,,from:450 to:450,ERS942344,,Homo Sapien,,Kurt%C3%83%C2%B6p%2C%2C,,1243941,HPG5197259,,,,888,ERP010096,1,0,0,Sequencing of 35 individuals from Tibet to study the demographic history of the region,3606,IHTP_MWGS T19_Tibet,Homo_sapiens (GRCh38_full_analysis_set_plus_decoy_hla),,T19 Tibet,1,
7,12453814,phiX_for_spiked_buffers,,ACAACGCAATC,,,ACAACGCAATC,,,,,,1,0,,,PhiXPSNov14,,10847,,,,standard,,,,,,,,,,1255141,phiX_for_spiked_buffers,,,,888,,1,0,0,None,198,Illumina Controls,,,,888,
8,15333799,ERS985092,,ACTTGATG,,Standard,ACTTGATG,,cts@sanger.ac.uk eag@sanger.ac.uk mercury-sequencescape@hgi-cordon-mail.internal.sanger.ac.uk njl@sanger.ac.uk sm15@sanger.ac.uk,mercury-sequencescape@hgi-cordon-mail.internal.sanger.ac.uk njl@sanger.ac.uk sm15@sanger.ac.uk,eag@sanger.ac.uk,cts@sanger.ac.uk,0,0,,,,,9606,S0821,1871,Tibet_x10,standard,,,from:450 to:450,ERS985092,,Homo Sapien,,Kurt%C3%83%C2%B6p%2C%2C,,1243947,HPG5197262,,,,888,ERP010096,1,0,0,Sequencing of 35 individuals from Tibet to study the demographic history of the region,3606,IHTP_MWGS T19_Tibet,Homo_sapiens (GRCh38_full_analysis_set_plus_decoy_hla),,T19 Tibet,1,
8,12453814,phiX_for_spiked_buffers,,ACAACGCAATC,,,ACAACGCAATC,,,,,,1,0,,,PhiXPSNov14,,10847,,,,standard,,,,,,,,,,1255141,phiX_for_spiked_buffers,,,,888,,1,0,0,None,198,Illumina Controls,,,,888,

